id,text,label,timestamp,date,preprocessed_text,mention,negative,positive,neutral,compound
1724199231026602240,"ESCHUCHEN COMO ESTE PIBE QUE VOTA A MILEI ATIENDE AL CRONISTA K. 

RT üëá MILENARIO!!!!",0,2023-11-13 22:55:00+00:00,2023-11-13,eschuchen pibe vota milei atiende al cronista k rt milenario,Milei,0.0,0.0,1.0,0.0
1717226371666125312,"Pobre Viviana Canosa de amar a Milei, a odiar a Milei, a amar a Milei de nuevo.
Denle un poco de cloro para digerir el sapito‚Ä¶.",-1,2023-10-25 00:00:00+00:00,2023-10-25,pobre viviana canosa amar milei odiar milei amar milei nuevo denle poco cloro digerir sapito,Milei,0.25,309.0,441.0,3.818
1721352894971003136,"La no entrevista de Luis Majul a Sergio Massa demuestra dos cosas: la primera tiene que ver con la solvencia del candidato, que nunca perdi√≥ el eje ante las brabuconadas e interrupciones del conductor. La segunda refiere al bajo y lamentable nivel de profesionales que hay en esa se√±al. Si Majul es lo mejor que tienen para operar a un candidato en vivo...que queda para el resto.",1,2023-11-06 02:24:00+00:00,2023-11-06,no entrevista luis majul sergio massa demuestra dos cosas primera tiene ver solvencia del candidato nunca perdio eje brabuconadas e interrupciones del conductor segunda refiere al lamentable nivel profesionalos hay se√±al si majul es lo mejor tienen operar candidato vivo queda resto,Massa,125.0,94.0,0.78,-2.589
1716483890582266368,"A ver... a los libertarios lechosos y al pusil√°nime de I√±aki les hago un desaf√≠o, que venga Milei a C√≥rdoba, arme asado con la agrupaci√≥n pida disculpas por las agresiones y le hago la campa√±a en redes y la rompemos... se animar√° ? Y lo invito a @CarlosEguiaUno tambi√©n
#BuenLunes",-1,2023-10-23 00:00:00+00:00,2023-10-23,ver libertarios lechosos al pusilanime i√±aki hago desafio venga milei cordoba arme asado agrupacion pida disculpas agresiones le hago campa√±a redes rompemos se animara lo invito carloseguiauno tambien buen lunes,Milei,66.0,247.0,686.0,5.994
1721958117443817472,"Esto a la gente le jode, Alonso es mejor que Schumacher.

 Massa no es el √∫nico en trabajar con los dos que lo dice.",-1,2023-11-07 18:29:00+00:00,2023-11-07,esto gente le jode alonso es mejor schumacher massa no es unico trabajar dos lo dice,Massa,101.0,146.0,754.0,2.263
1719029095416172800,"M√≠ vieja, gorila de toda la vida, espantada con Milei, me confirma que votar√° por Sergio Massa en el Balotaje.",0,2023-10-31 00:00:00+00:00,2023-10-31,vieja gorila toda vida espantada milei me confirma votara sergio massa balotaje,Both,172.0,0.0,828.0,-4.404
1724392231098814720,"Sergio Goycochea sali√≥ al cruce de Milei por su frase sobre Malvinas: ""Son y ser√°n argentinas""
eldestapeweb.com/deportes/se‚Ä¶",0,2023-11-14 11:42:00+00:00,2023-11-14,sergio goycochea salio al cruce milei frase malvinas son seran argentinas eldestapeweb com deportes se,Milei,0.0,0.0,1.0,0.0
1723759473183863296,Calamaro apoyando a Milei no sorprende pero evidencia lo mal que envejecen algunos roqueritos,-1,2023-11-12 17:47:00+00:00,2023-11-12,calamaro apoyando milei no sorprende evidencia lo mal envejecen roqueritos,Milei,292.0,172.0,535.0,-2.533
1718295459125428224,Es impresionante todo el palabrer√≠o que usan algunos para justificar por qu√© se dieron vuelta y ahora votan a Milei. Si ten√©s que dar tantas razones es porque no est√°s tranquilo con la decisi√≥n.,-1,2023-10-28 00:00:00+00:00,2023-10-28,es impresionante todo palabrerio usan justificar se dieron vuelta ahora votan milei si tenes dar tantas razones es porque no tranquilo decision,Milei,56.0,94.0,851.0,3.265
1716408650628059392,"Como votante de JxC. 

El voto visceral dice q hay q votar el blanco

El voto emocional dice q hay q votar a Milei

El voto racional dice q hay q votar a Massa",1,2023-10-23 00:00:00+00:00,2023-10-23,votante jxc voto visceral dice q hay q votar blanco voto emocional dice q hay q votar milei voto racional dice q hay q votar massa,Both,0.0,0.06,0.94,1.531
1723445803325292544,"Que gane Massa y al otro d√≠a feriado y hacer una gran fiesta popular y respirar profundo y sentir alivio por vos y toda la gente que quer√©s y la que no conoc√©s tambi√©n, por favor diosito yo te pido üôè",1,2023-11-11 21:01:00+00:00,2023-11-11,gane massa al otro dia feriado hacer gran fiesta popular respirar profundo sentir alivio toda gente queres no conoces tambien favor diosito te pido,Massa,79.0,503.0,418.0,9.694
1722485199173456128,"@MarceloLlambia2 @nataliavolosin est√°s hablando de vos misma, y de las otras disc√≠pulas de la ladrona y corrupta m√°s grande de la historia argentina, claro. diana conti, mayra mendoza, juliana di tulio, gabriela ceruti. sergio massa es peligros√≠simo, 100 veces peor que nestor y cristina.",-1,2023-11-09 23:52:23+00:00,2023-11-09,marcelollambia nataliavolosin hablando misma otras discipulas ladrona corrupta grande historia argentina claro diana conti mayra mendoza juliana di tulio gabriela ceruti sergio massa es peligrosisimo veces peor nestor cristina,Massa,246.0,99.0,654.0,-7.233
1722750738462310912,@JMilei @SergioMassa estas re cogido Milei,-1,2023-11-09 23:55:26+00:00,2023-11-09,jmilei sergiomassa re cogido milei,Both,0.0,0.0,1.0,0.0
1716420104378867968,"A los q me escriben q me vaya, q ahora q gan√≥ Massa vaya arrancando para Ezeiza les cuento:
Yo ya me fui
El pa√≠s es todo de ustedes
Aman la corrupci√≥n 
Aman la inflaci√≥n 
Aman la inseguridad 
Aman la pobreza
Traten de q no los maten x un celular o un par de zapatillas 
Disfruten!

#Elecciones #Elecciones2023",-1,2023-10-23 00:00:00+00:00,2023-10-23,q me escriben q me vaya q ahora q gano massa vaya arrancando ezeiza cuento me fui pais es todo aman corrupcion aman inflacion aman inseguridad aman pobreza traten q no maten x celular par zapatillas disfruten elecciones elecciones,Massa,102.0,383.0,515.0,9.727
1724548828265640192,"Y despu√©s los agresivos son los votantes de milei? Mira vos che, no compart√≠s la opini√≥n de los K y saltan muy asi y peor. Cada vez m√°s en claro tengo que me encuentro del lado correcto.",-1,2023-11-14 22:04:00+00:00,2023-11-14,despues agresivos son votantes milei mira che no compartis opinion k saltan muy asi peor cada vez claro tengo me encuentro del lado correcto,Milei,271.0,143.0,587.0,-5.556
1725705165892677888,"Si entiendo bien, votar y militar a Milei, que reivindica la dictadura, promete ‚Äúaplastar a los zurdos de mierda‚Äù y ‚Äúponerle la tapa al ata√∫d del kirchnerismo‚Äù, es menos grave que corear contra √©l en el Col√≥n.",-1,2023-11-18 02:39:00+00:00,2023-11-18,si entiendo votar militar milei reivindica dictadura promete aplastar zurdos mierda ponerle tapa al ataud del kirchnerismo es grave corear colon,Milei,196.0,79.0,725.0,-4.404
1717788712623395328,"Mientras nos peleamos o reconciliamos entre JxC y LLA, el PJ se rob√≥ otra elecci√≥n y todos mirar√°n para otro lado. Massa subi√≥ 10 pts rompiendo toda la econom√≠a, las denuncias de fraude fueron evidentes.
El PJ, mientras vos te pele√©as, engendra 10 cachorritos en tu propia cama",-1,2023-10-28 00:00:00+00:00,2023-10-28,nos peleamos reconciliamos jxc lla pj se robo otra eleccion todos miraran otro lado massa subio pts rompiendo toda economia denuncias fraude fueron evidentes pj te peleas engendra cachorritos propia cama,Massa,0.32,0.0,0.68,-9.274
1717607360875962368,"No les parece q la reaccion de Morales, Lousteau, Carrio ante el apyo de Pato a Milei es desmedida??
Siento q les patearon el hormiguero, o sea, siento q Pato les corto alguna rosca...uds?",0,2023-10-26 00:00:00+00:00,2023-10-26,no parece q reaccion moralos lousteau carrio apyo pato milei es desmedida siento q patearon hormiguero sea siento q pato corto rosca uds,Milei,0.0,0.0,1.0,0.0
1718607265739968512,"Macri se junt√≥ con Milei y se lo cont√≥ al mundo. En cambio Larreta, Morales, Yacobitti y otros inversores juegan al truco con cuanto operador pol√≠tico-comercial circula por ah√≠ y no se lo cuentan a nadie. Tienen tantas convicciones como ganas de cambiar el auto.",0,2023-10-30 00:00:00+00:00,2023-10-30,macri se junto milei se lo conto al mundo cambio larreta moralos yacobitti otros inversores juegan al truco cuanto operador politico comercial circula ahi no se lo cuentan nadie tienen tantas convicciones ganas cambiar auto,Milei,79.0,86.0,835.0,772.0
1718212330725442048,"Hoy falta NAFTA ‚õΩ. Acu√©rdense que en el fin de semana largo del balotaje, habr√° de sobra y hasta el mismo Massa estar√° de playero en una estaci√≥n de servicio, alentando a que los porte√±os viajen y no voten.
Hasta te va a regalar una pelota ‚öΩ y una sombrilla ‚õ±Ô∏è.",1,2023-10-29 00:00:00+00:00,2023-10-29,hoy falta nafta acuerdense fin semana largo del balotaje habra sobra mismo massa estara playero estacion servicio alentando porte√±os viajen no voten te va regalar pelota sombrilla,Massa,54.0,84.0,862.0,296.0
1721515783409238272,"‚Äú¬øQUE MARCHA?‚Äù, DICE MASSA CUANDO UNA MUJER LE PREGUNTA POR EL #5NTodosALasCalles",0,2023-11-06 13:12:00+00:00,2023-11-06,marcha dice massa cuando mujer le pregunta ntodosalascallos,Massa,0.0,0.0,1.0,0.0
1725240860340527616,"El tipo se fundi√≥ varias veces en diferentes rubros en los √∫ltimos a√±os, pero lo peligroso es votar a Milei‚Ä¶ el Cronista kirchnerista de Cr√≥nica d√°ndole la raz√≥n. Obviamente vota a Massa. Cambien los actores por favor, nadie con dos dedos de frente les cree. ü§£ü§£‚úåÔ∏è‚úåÔ∏è",-1,2023-11-16 19:54:00+00:00,2023-11-16,tipo se fundio varias veces diferentes rubros ultimos a√±os lo peligroso es votar milei cronista kirchnerista cronica dandole razon obviamente vota massa cambien actores favor nadie dos dedos frente cre,Both,129.0,115.0,756.0,-1.531
1725697453356130560,"Javier Milei ser√° este domingo el pr√≥ximo Presidente de Argentina. 

¬°Dale ‚ù§Ô∏è y üîÑ si est√°s de acuerdo",1,2023-11-18 02:08:00+00:00,2023-11-18,javier milei sera domingo proximo presidente argentina dale si acuerdo,Milei,0.0,321.0,679.0,6.369
1720989235765747712,"GENTE ENFERMA! 
Primero mandaron a escupir im√°genes, ahora √©sto? 

VIVA LA LIBERTAD CARAJO!

MASSA #NoVasASerPresidente

#MileiPresidente",-1,2023-11-05 02:19:00+00:00,2023-11-05,gente enferma primero mandaron escupir imagenes ahora esto viva libertad carajo massa no vas aser presidente milei presidente,Both,199.0,139.0,662.0,-2.023
1720440976957677824,"ASCO.

La Iglesia apoya a Massa, con 54% de pobreza e inflacion imparable si ??? Me da asco y verguenza que representen la iglesia catolica ! No saben que los ni√±os y abuelos no comen? Que la plata se hace agua por la hiperinflacion? 
Dan asco, semejantes lacras con sotana.",-1,2023-11-03 14:01:00+00:00,2023-11-03,asco iglosia apoya massa pobreza e inflacion imparable si me da asco verguenza representen iglosia catolica no saben ni√±os abuelos no comen plata se hace agua hiperinflacion dan asco semejantes lacras sotana,Massa,0.4,55.0,546.0,-9.413
1720556237710917888,"Para cortar un poco la pelea con los libervirgos!!! 
Quien dijo que este culito no lo trabajo para cagar en el balde!!!ü§£ü§£ü§ìüí™üèªü§åüèª
#Massa #UnionPorLaPatria ‚ù§Ô∏è‚úåüèª",-1,2023-11-03 21:39:00+00:00,2023-11-03,cortar poco pelea libervirgos quien dijo culito no lo trabajo cagar balde massa union patria,Massa,362.0,134.0,504.0,-6.102
1722687084539019520,@Fonzista Milei NO,0,2023-11-09 23:59:04+00:00,2023-11-09,fonzista milei no,Milei,0.0,583.0,417.0,4.215
1718090598756811264,Me entr√≥ un cagazo b√°rbaro de que se baje Milei en alg√∫n momento dentro de los pr√≥ximos 4 a√±os y que Victoria Villarruel termin√© siendo la presidenta de los argentinos.,0,2023-10-29 00:00:00+00:00,2023-10-29,me entro cagazo barbaro se baje milei algun momento dentro proximos a√±os victoria villarruel termine siendo presidenta argentinos,Milei,141.0,0.0,859.0,-5.574
1725705971500982272,"Misma reacci√≥n, por esto Massa perdi√≥ el debate. La agresi√≥n desmedida a alguien que no ocup√≥ nunca el ejecutivo, lleva a la gente a ponerse del lado correcto. Un d√≠a y monedas gente.",0,2023-11-18 02:42:00+00:00,2023-11-18,misma reaccion esto massa perdio debate agresion desmedida alguien no ocupo nunca ejecutivo lleva gente ponerse del lado correcto dia monedas gente,Massa,176.0,0.0,824.0,-5.423
1721355544009613312,"Todas las entrevistas a milei, fueron mucho mas picantes. 
Primera vez que lo aprietan a massa y hoy el panqueque largo toda la locura al aire.",0,2023-11-06 02:35:00+00:00,2023-11-06,todas entrevistas milei fueron mucho picantes primera vez lo aprietan massa hoy panqueque largo toda locura al aire,Both,139.0,0.0,861.0,-4.404
1722764581930426624,"Si el jueves que viene los vuelvo a ver, el 19 votan a Massa.",1,2023-11-09 23:54:21+00:00,2023-11-09,si jueves viene vuelvo ver votan massa,Massa,0.0,0.0,1.0,0.0
1717560492363759872,"Estimado Alejandro, est√°n cayendo en la misma que los fan√°ticos de Milei cuando te dec√≠an viejo meado por no rendirle honores al mes√≠as",-1,2023-10-26 00:00:00+00:00,2023-10-26,estimado alejandro estan cayendo misma fanaticos milei cuando te decian viejo meado no rendirle honores al mesias,Milei,269.0,97.0,634.0,-5.615
1717356268480770304,El plan platita sigue. Mas guita y mas impresi√≥n de monedas. Massa sigue ofertando.,0,2023-10-27 00:00:00+00:00,2023-10-27,plan platita sigue guita impresion monedas massa sigue ofertando,Massa,0.0,0.0,1.0,0.0
1718053695047217152,"Una cosa es Milei solo

Otra es  Milei con Macri, Bullrich y los equipos y dirigentes del PRO

Elijo creer

No hay otra

Republica vs Crimen Organizado",0,2023-10-27 00:00:00+00:00,2023-10-27,cosa es milei solo otra es milei macri bullrich equipos dirigentes del pro elijo crer no hay otra republica vs crimen organizado,Milei,186.0,0.0,814.0,-6.908
1717537434911506944,"Si vas a votar a Massa porque ""no es kirchnerismo"" ni me sigas, porque no es kirchnerismo: es peor.",-1,2023-10-27 00:00:00+00:00,2023-10-27,si vas votar massa porque no es kirchnerismo me sigas porque no es kirchnerismo es peor,Massa,129.0,0.0,871.0,-4.767
1717876004239151360,"Falta de combustible en las estaciones de servicio, la guita no te alcanza para llegar al 20, no hay trabajo genuino, la pobreza arrasa, vimos im√°genes y testimonio de la gente q se llevaba mercader√≠a de un cami√≥n accidentado y la gente cree aun q Massa puede resolverles algo?",0,2023-10-28 00:00:00+00:00,2023-10-28,falta combustible estaciones servicio guita no te alcanza llegar al no hay trabajo genuino pobreza arrasa vimos imagenes testimonio gente q se llevaba mercaderia camion accidentado gente cre aun q massa puede resolverlos algo,Massa,281.0,33.0,685.0,-9.246
1721666921051865088,"Massa es un tremendo mentiroso! No tenemos Ley de Extinci√≥n de Dominio en Argentina porque los legisladores kirchneristas, incluyendo Massa, se negaron a incluir la corrupci√≥n como uno de los delitos sobre los que la figura se pudiera aplicar! Delincuentes!",-1,2023-11-06 23:12:00+00:00,2023-11-06,massa es tremendo mentiroso no tenemos ley extincion dominio argentina porque legisladores kirchneristas incluyendo massa se negaron incluir corrupcion uno delitos figura se pudiera aplicar delincuentes,Massa,302.0,0.0,698.0,-9.184
1717734458973986816,"Claro que pueden mentir, pero se les nota mucho m√°s que a los perversos/psicopatas como CFK y Massa, esos lo hacen con total naturalidad",-1,2023-10-28 00:00:00+00:00,2023-10-28,claro pueden mentir se nota mucho perversos psicopatas cfk massa lo hacen total naturalidad,Massa,191.0,0.0,809.0,-5.829
1725669839476301824,"Vot√°s a Sergio Massa? #MassaPresidente2023 
Donde viv√≠s? que le dir√≠as de tenerlo ante ti?
#NoAMilei",0,2023-11-18 00:18:00+00:00,2023-11-18,votas sergio massa massapresidente donde vivis le dirias tenerlo no amilei,Both,0.0,0.0,1.0,0.0
1719551805095375104,"""Si gana Massa nos salteamos Venezuela y nos vamos a la concha de la lora""

Diana Mondino",-1,2023-11-01 03:07:00+00:00,2023-11-01,si gana massa nos salteamos venezuela nos vamos concha lora diana mondino,Massa,81.0,248.0,671.0,5.423
1719097901161296128,"¬øPor qu√© Morales no va de Vice de Massa? 
Que a Rossi lo pongan a servir caf√©...",0,2023-10-31 00:00:00+00:00,2023-10-31,moralos no va vice massa rossi lo pongan servir cafe,Massa,0.0,0.0,1.0,0.0
1717727322885816320,"Hoy la gente celebra robarse 2‚ÄØkg de pap√° de un cami√≥n que vuelca, pero hablemos de Milei...",0,2023-10-27 00:00:00+00:00,2023-10-27,hoy gente celebra robarse kg papa camion vuelca hablemos milei,Milei,226.0,226.0,549.0,0.0
1719089820981510656,El 4S nos ubic√≥ como los reyes de la estupidez. Argentina con Milei est√° as√≠ üëå de proclamarse el nuevo rey.,-1,2023-10-31 00:00:00+00:00,2023-10-31,s nos ubico reyes estupidez argentina milei asi proclamarse nuevo rey,Milei,175.0,163.0,663.0,-516.0
1722035910051586048,"Si hay algo que Argentina no necesita, es a un desquiciado como Javier Milei, si hay algo que la Democracia no necesita es que un enfermo como Javier Milei llegue al gobierno y la ponga en riesgo...
#MassaPresidente 
#NoAMilei",-1,2023-11-07 23:38:00+00:00,2023-11-07,si hay algo argentina no necesita es desquiciado javier milei si hay algo democracia no necesita es enfermo javier milei llegue al gobierno ponga riesgo massa presidente no amilei,Both,188.0,0.0,812.0,-6.908
1722764197937709568,"A banaliza√ß√£o do mal na Argentina: apoiadores de Milei viralizam v√≠deo fazendo piada com sequestros na ditadura (76-83), que usava o Ford Falcon em opera√ß√µes clandestinas de persegui√ß√£o e pris√£o de militantes, estudantes comuns, empres√°rios, advogados, jornalistas e toda pessoa‚Ä¶",-1,2023-11-09 23:52:46+00:00,2023-11-09,banalizao do mal na argentina apoiadores milei viralizam video fazendo piada com sequestros na ditadura usava ford falcon em operaes clandestinas perseguio e priso militantes estudantes comuns empresarios advogados jornalistas e toda pessoa,Milei,198.0,141.0,661.0,-3.612
1724809908007448832,"En Santiago del Estero hicieron una sede de Milei y fueron muchos j√≥venes a anotarse para fiscalizar y ahora resulta que era fake la sede, el gobierno de Santiago est√° creando sedes y emitiendo boletas fakes de Milei, cuidado",-1,2023-11-15 15:21:00+00:00,2023-11-15,santiago del estero hicieron sede milei fueron muchos jovenes anotarse fiscalizar ahora resulta era fake sede gobierno santiago creando sedes emitiendo boletas fakes milei cuidado,Milei,145.0,93.0,762.0,-4.767
1723760651238084608,"LA GENTE MUERTA DE HAMBRE Y EL CARTEL DE MASSA DE FONDO: ESTE VIDEO LE VA A HACER PERDER LA ELECCI√ìN üò°üò°üò°

RT RT RT RT",0,2023-11-12 17:52:00+00:00,2023-11-12,gente muerta hambre cartel massa fondo video le va hacer perder eleccion rt rt rt,Massa,0.35,0.0,0.65,-7.906
1719136252782575872,"Muchos desean que la izquierda sea otra cosa. Tipo la centroizquierda de Lozano, Del Frade etc.  Pero justamente esa izquierda desaparecio por ir detr√°s de los Massa y distintos gobiernos ajustadores. 
Algunos sue√±an con frase absurda de A la izquierda de CFK la pared. Pues no",0,2023-10-31 00:00:00+00:00,2023-10-31,muchos desean izquierda sea otra cosa tipo centroizquierda lozano del frade etc justamente izquierda desaparecio ir detras massa distintos gobiernos ajustadores sue√±an frase absurda izquierda cfk pared pues no,Massa,46.0,131.0,823.0,3.612
1723706312662388992,"Fontevechia fue m√°s all√° en la opini√≥n de un periodista me parece. No solo fij√≥ su opini√≥n, algo que hacen muchos medios del mundo. Adem√°s recomend√≥ a la gente ‚Äúno votar a Milei‚Äù. Que es lo mismo que decir que voten a Massa. Un poco mucho para mi gusto",0,2023-11-12 14:16:00+00:00,2023-11-12,fontevechia fue alla opinion periodista me parece no solo fijo opinion algo hacen muchos medios del mundo ademas recomendo gente no votar milei es lo mismo decir voten massa poco mucho gusto,Both,0.0,119.0,881.0,7.115
1717723169706988032,Si modifico mi posici√≥n antes del 19 de noviembre y me decido votar a Milei ser√° para ir en contra de los Lousteau los Morales los Larreta los Yacobitti y todos los HDRP que ya ten√≠an acuerdos con Massa y ahora se hacen los neutrales!!!  Dan asco!!,-1,2023-10-28 00:00:00+00:00,2023-10-28,si modifico posicion antes del noviembre me decido votar milei sera ir lousteau moralos larreta yacobitti todos hdrp tenian acuerdos massa ahora se hacen neutralos dan asco,Both,91.0,56.0,853.0,-3.182
1717317735355498496,"Massa es la unidad nacional. Milei es el rejunte.

¬øQu√© vas a elegir?",0,2023-10-25 00:00:00+00:00,2023-10-25,massa es unidad nacional milei es rejunte vas elegir,Both,0.0,0.0,1.0,0.0
1725592874061045760,En pol√≠tica son importantes los incentivos‚Ä¶ si gana Massa b√°sicamente extorsionando a los pobres con el campa√±a del miedo‚Ä¶ el incentivo ser√° mantenerlos ah√≠ o aumentarlos para continuar extorsionandolos en las pr√≥ximas elecciones‚Ä¶ a lo Infran‚Ä¶ Ni hablar si logra ventajas electorales via un sistema arcaico de votaci√≥n‚Ä¶ y complicidad de la justicia electoral‚Ä¶ ese incentivo es nefasto para la democracia‚Ä¶ (opini√≥n desde la platea),0,2023-11-17 19:12:00+00:00,2023-11-17,politica son importantes incentivos si gana massa basicamente extorsionando pobres campa√±a del miedo incentivo sera mantenerlos ahi aumentarlos continuar extorsionandolos proximas elecciones lo infran hablar si logra ventajas electoralos via sistema arcaico votacion complicidad justicia electoral incentivo es nefasto democracia opinion platea,Massa,166.0,262.0,571.0,6.908
1722376263807983872,"""Si quer√©s estar con un elefante y ten√©s su consentimiento, es problema tuyo y del elefante"" 

Javier Milei dijo que no se opone al matrimonio igualitario y declar√≥: ""Es un contrato, lo √∫nico que objeto es cuando se mete el Estado"".",0,2023-11-08 22:11:00+00:00,2023-11-08,si queres estar elefante tenes consentimiento es problema tuyo del elefante javier milei dijo no se opone al matrimonio igualitario declaro es contrato lo unico objeto es cuando se mete estado,Milei,62.0,73.0,866.0,-128.0
1716442551358484480,AJAJAJAJAJAJA ARRANCA EL MASSA MODERADO. EL MASSA NEOMENEMISTA.. NOOO DE NUEVO DECIA.. NOOOOO. JAJAJAJAJAJAJAJA .... PORQUE NO SE VAN A ORTEAR,-1,2023-10-23 00:00:00+00:00,2023-10-23,ajajajajajaja arranca massa moderado massa neomenemista no nuevo decia no jajajajajajajaja porque no se van ortear,Massa,104.0,0.0,896.0,-296.0
1724528197511868928,üö® 10 BILLONES de personas en el Monumento a la Bandera en Rosario en el acto de Javier Milei. Impresionante.,0,2023-11-14 20:42:00+00:00,2023-11-14,billones personas monumento bandera rosario acto javier milei impresionante,Milei,0.0,292.0,708.0,5.106
1725745481861468672,"Luego de varios a√±os de haberme desafiliado del partido radical y a ra√≠z de los sucesos de las √∫ltimas horas, he decidido cambiar mi voto en blanco.

Apuesto por la unidad y la esperanza:

Voto a Javier Gerardo Milei

¬øSoy bienvenido a LFDC?

#KirchnerismoOLibertad 
#MileiSi",1,2023-11-18 05:19:00+00:00,2023-11-18,luego varios a√±os haberme desafiliado del partido radical raiz sucesos ultimas horas he decidido cambiar voto blanco apuesto unidad esperanza voto javier gerardo milei soy bienvenido lfdc kirchnerismo olibertad milei si,Milei,0.0,384.0,616.0,9.565
1725147343840788480,"¬øCU√ÅL ES LA VERSI√ìN AUT√âNTICA DE  JAVIER MILEI? 

EDUCACI√ìN üìö
üò† ""El mejor sistema educativo posible es uno donde cada argentino pague por sus servicios""
üòá ""Conmigo sigue la educaci√≥n p√∫blica""

SALUD ü©∫
üò† ""El mejor sistema de salud posible es un sistema de salud privado donde cada argentino pague sus servicios""
üòá ""Sigue la salud p√∫blica""

INFLACI√ìN üìà
üò† ""Se termina la inflaci√≥n y el tren y el colectivo lo vas poder pagar sin que nadie te ayude""
üòá ""Para parar la inflaci√≥n tard√°s entre 18 y 24 meses""",0,2023-11-16 13:42:00+00:00,2023-11-16,cual es version autentica javier milei educacion mejor sistema educativo posible es uno donde cada argentino pague servicios conmigo sigue educacion publica salud mejor sistema salud posible es sistema salud privado donde cada argentino pague servicios sigue salud publica inflacion se termina inflacion tren colectivo lo vas poder pagar nadie te ayude parar inflacion tardas meses,Milei,78.0,0.15,771.0,8.074
1721279223753568768,"Un conocido trabaja en el estado. Sus dos hijos de 20 y 22 a√±os, estudian en la Universidad p√∫blica. Se enter√≥ que sus dos hijos votaron a Milei.
Les dijo: si gana Milei, los quiero fuera de casa. Son grandes: se buscan trabajo y alquilan algo. Paguen su comida y alquiler",-1,2023-11-05 21:32:00+00:00,2023-11-05,conocido trabaja estado dos hijos a√±os estudian universidad publica se entero dos hijos votaron milei dijo si gana milei quiero fuera casa son grandes se buscan trabajo alquilan algo paguen comida alquiler,Milei,32.0,113.0,856.0,5.574
1725693228978930176,"Decidanse chicos, el electorado de Massa caga en un balde o va al Teatro Col√≥n.",-1,2023-11-18 01:51:00+00:00,2023-11-18,decidanse chicos electorado massa caga balde va al teatro colon,Massa,193.0,0.0,807.0,-4.767
1720070014919655424,"Stolbizer - ""S√≠ me convoca Massa, le voy a jurar fidelidad una vez m√°s""",1,2023-11-02 13:27:00+00:00,2023-11-02,stolbizer si me convoca massa le voy jurar fidelidad vez,Massa,98.0,0.0,902.0,-516.0
1723843080309047296,No voy a ver el debate porque s√© que no hay absolutamente nada de lo que pueda decir Massa que me haga pensar en votarlo.,0,2023-11-12 23:19:00+00:00,2023-11-12,no voy ver debate porque se no hay absolutamente nada lo pueda decir massa me haga pensar votarlo,Massa,0.0,0.0,1.0,0.0
1718503145297592576,"toda la campa√±a actual de Massa ahora se basa en convencer a todos que NO es kirchnerista, por m√°s que su base votante es (siendo generoso) 90% votante kirchnerista, forma parte del partido kirchnerista, es ministro del gobierno kirchnerista. nada, como para dejar archivo digo.",0,2023-10-30 00:00:00+00:00,2023-10-30,toda campa√±a actual massa ahora se basa convencer todos no es kirchnerista base votante es siendo generoso votante kirchnerista forma parte del partido kirchnerista es ministro del gobierno kirchnerista nada dejar archivo digo,Massa,0.0,0.22,0.78,8.337
1725886970105073664,"Javier Milei es el nuevo presidente de Argentina.

(Vengo del futuro)",1,2023-11-18 14:41:00+00:00,2023-11-18,javier milei es nuevo presidente argentina vengo del futuro,Milei,0.0,0.0,1.0,0.0
1717689363729956864,Una bronca lo dispuestos que est√°bamos muchos (personalmente lo dije siempre) a militar a Patricia Bullrich si hac√≠a falta frente a la amenaza fascista para que esta runfla vaya corriendo a tir√°rsele a los brazos por miedo a que Sergio Massa sea exitoso. Indignos e inmorales.,-1,2023-10-26 00:00:00+00:00,2023-10-26,bronca lo dispuestos estabamos muchos personalmente lo dije siempre militar patricia bullrich si falta frente amenaza fascista runfla vaya corriendo tirarsele brazos miedo sergio massa sea exitoso indignos e inmoralos,Massa,0.41,71.0,519.0,-9.538
1717745894743781632,"Massa tiene todos los datos de las personas literalmente hizo votar a gente muerta,hizo votar a los que no votan hace tiempo ,OSEA POR ESO GAN√ì! hdp estafador fraudulento!!! üò°üò§üí¢",-1,2023-10-28 00:00:00+00:00,2023-10-28,massa tiene todos datos personas literalmente hizo votar gente muerta hizo votar no votan hace tiempo osea eso gano hdp estafador fraudulento,Massa,202.0,99.0,699.0,-5.859
1721736016891924992,"Le dicen panqueque a Massa. Nunca cambi√≥ de partido. Form√≥ el Frente Renovador, le gan√≥ una elecci√≥n al kirchnerismo y, como la pol√≠tica es din√°mica, hoy uni√≥ a todo el peronismo como CFK lo hizo en 2019. La que recorri√≥ todo el carretel de partidos es Bullrich, aliada a Milei",0,2023-11-07 03:47:00+00:00,2023-11-07,le dicen panqueque massa nunca cambio partido formo frente renovador le gano eleccion al kirchnerismo politica es dinamica hoy unio todo peronismo cfk lo hizo recorrio todo carretel partidos es bullrich aliada milei,Both,44.0,231.0,725.0,8.605
1725519216206614784,Milei us√≥ una foto de la multitudinaria Marcha del Orgullo tras el acto de cierre de campa√±a en C√≥rdoba dlvr.it/SyyWvm,0,2023-11-17 14:20:00+00:00,2023-11-17,milei uso foto multitudinaria marcha del orgullo acto cierre campa√±a cordoba dlvr it syywvm,Milei,0.0,167.0,833.0,0.34
1722910328814498048,"Villarruel perjudic√≥ fuerte a Milei en el debate contra Rossi. Muchos se fijaron en los golpes y en las formas, pero la candidata mand√≥ dos mensajes espectaculares: 1) Que no tienen para dolarizar y que los d√≥lares se los van a robar a la gente; 2) Que son fascistas del Proceso.",-1,2023-11-10 09:33:00+00:00,2023-11-10,villarruel perjudico fuerte milei debate rossi muchos se fijaron golpes formas candidata mando dos mensajes espectaculares no tienen dolarizar dolares se van robar gente son fascistas del proceso,Milei,124.0,82.0,794.0,-1.779
1724847548609839616,"[AHORA] ""Me parece un chiste divertido"": la respuesta de Milei a Eurnekian por el empleado que ""sali√≥ fallado"".",0,2023-11-15 17:51:00+00:00,2023-11-15,ahora me parece chiste divertido respuesta milei eurnekian empleado salio fallado,Milei,0.19,293.0,517.0,2.023
1718663565035331840,"Porqu√© ser√° que la mayor√≠a que milita el No a Milei tienen, tuvieron o aspiran a tener un carguito, seg√∫n de lo que se lee en sus bio, y  casi todos son desconocidos a√∫n con cargo vigente?
Qu√© curiosidad m√°s curiosa",0,2023-10-30 00:00:00+00:00,2023-10-30,porque sera mayoria milita no milei tienen tuvieron aspiran tener carguito segun lo se le bio casi todos son desconocidos aun cargo vigente curiosidad curiosa,Milei,0.0,59.0,941.0,3.182
1717731358410265088,Viviana Canosa parece uno de esos soldados japoneses que encontraron 30 a√±os despu√©s de terminada la Segunda Guerra Mundial y cre√≠an que esa guerra continuaba. Habr√≠a que avisarle que Bullrich qued√≥ afuera del ballottage y que si sigue criticando a Milei ser√° funcional a Massa.,-1,2023-10-27 00:00:00+00:00,2023-10-27,viviana canosa parece uno soldados japoneses encontraron a√±os despues terminada segunda guerra mundial creian guerra continuaba habria avisarle bullrich quedo afuera del ballottage si sigue criticando milei sera funcional massa,Both,191.0,46.0,762.0,-8.316
1723677756204986368,"Si la opci√≥n fuese Pato Bullrich - Massa, hubiese vuelto a votar a Bullrich 
Si la opci√≥n fuera El Oso Arturo - Massa, votar√≠a al Oso Arturo 
La opci√≥n es Javier Milei - Sergio Massa
Est√° claro q voto a Milei, no?
Nunca jam√°s vot√© ni votar√© a Massa
Pd: Morales a vos tampoco",-1,2023-11-12 12:22:00+00:00,2023-11-12,si opcion fuese pato bullrich massa hubiese vuelto votar bullrich si opcion fuera oso arturo massa votaria al oso arturo opcion es javier milei sergio massa claro q voto milei no nunca jamas vote votare massa pd moralos tampoco,Both,41.0,0.0,959.0,-296.0
1717877814752358656,"Buen d√≠a Amigos Twitteros
Me re√≠a de Grabois,de Delia y de tantos otros K que puteaban a Massa y hoy est√°n esperando bajo su ala ...
Como nosotros con Milei
La diferencia es q ellos se dieron cuenta q sin √©l desaparec√≠an
Muchos ser√°n #Neutrales
Eso es de tibios!
#FelizViernes",0,2023-10-28 00:00:00+00:00,2023-10-28,buen dia amigos twitteros me reia grabois delia tantos otros k puteaban massa hoy estan esperando ala milei diferencia es q se dieron cuenta q desaparecian muchos seran neutralos eso es tibios feliz viernes,Both,38.0,259.0,703.0,9.001
1716966579844370688,"Que hubiera pasado si ganaba Milei en primera vuelta? Estar√≠an pensando que este iba a ser un pa√≠s viable con la casta adentro y todas las listas armadas por Massa? Y ahora quieren que eso sea realidad? YO NO VOTO Y NO LE SUMO NI LE RESTO A NADIE. 
NO QUIERO A NINGUNO DE LOS DOS",-1,2023-10-24 00:00:00+00:00,2023-10-24,hubiera pasado si ganaba milei primera vuelta estarian pensando iba ser pais viable casta adentro todas listas armadas massa ahora quieren eso sea realidad no voto no le sumo le resto nadie no quiero ninguno dos,Both,62.0,0.09,848.0,3.773
1724898104401694976,"üó£Ô∏è MICROMILITANCIA

üöá Ex combatientes, v√≠ctimas de violencia de g√©nero, profesores de la UBA y madres de chicos discapacitados militan desde el subte votar en contra de Javier Milei.

‚úçÔ∏è Por Nacho Barrios (@barriosnacho).
cronica.com.ar/sociedad/Ex-c‚Ä¶",0,2023-11-15 21:12:00+00:00,2023-11-15,micromilitancia ex combatientes victimas violencia genero profesores uba madres chicos discapacitados militan subte votar javier milei nacho barrios barriosnacho cronica com ar sociedad ex c,Milei,225.0,0.0,775.0,-7.506
1722766270699884800,"No, Sergio Massa no toma coca√≠na en este video: la grabaci√≥n est√° manipulada ‚ùå

Se basa en otro video que circula desde, al menos, 2016. Fue manipulado para reemplazar al hombre original con la imagen y la voz de Massa chequeado.com/ultimas-notici‚Ä¶

‚úçÔ∏è@lugardel en @ReversoAr",0,2023-11-10 00:01:00+00:00,2023-11-10,no sergio massa no toma cocaina video grabacion manipulada se basa otro video circula al fue manipulado remplazar al hombre original imagen voz massa chequeado com ultimas notici lugardel reversoar,Massa,196.0,61.0,743.0,-6.249
1717988697310671360,"Vote a Massa en las PASO y en las generales, pero hoy decid√≠ cambiar mi foto a Milei. Siempre vote peronismo pero a quien queremos enga√±ar? 140% de inflaci√≥n toda de un Ministro de Econom√≠a que hoy es candidato. Claramente el no es la soluci√≥n. En vos conf√≠o @JMilei",1,2023-10-27 00:00:00+00:00,2023-10-27,vote massa paso generalos hoy decidi cambiar foto milei siempre vote peronismo quien queremos enga√±ar inflacion toda ministro economia hoy es candidato claramente no es solucion confio jmilei,Both,104.0,162.0,734.0,3.895
1725703116887035904,"Aplaudido en las villas y abucheado por una minor√≠a bur√≥crata en la √≥pera. 

Lo que m√°s les duele de Milei es que les gan√≥ en su propia cancha.",1,2023-11-18 02:30:00+00:00,2023-11-18,aplaudido villas abucheado minoria burocrata opera lo duele milei es gano propia cancha,Milei,169.0,339.0,492.0,4.767
1724800392259846656,"Los venezolanos que se vienen a Argentina a estudiar gratis y vivir mejor gracias al peronismo y le piden a Argentina que voten a Milei? M√∫dense a Chile chicos, nadie los detiene 2 horitas de vuelo y est√°s.",-1,2023-11-15 14:43:00+00:00,2023-11-15,venezolanos se vienen argentina estudiar gratis vivir mejor gracias al peronismo le piden argentina voten milei mudense chile chicos nadie detiene horitas vuelo,Milei,58.0,279.0,662.0,8.097
1716434446277075200,"En 2019 les vendieron Alberto moderado. Los hizo poronga.
En 2021 les vendieron a Massa como una persona capaz, los revent√≥.
En 2023 les venden que Massa va  a ser distinto que Massa.

Y dudan a qui√©n votar?",0,2023-10-23 00:00:00+00:00,2023-10-23,vendieron alberto moderado hizo poronga vendieron massa persona capaz revento venden massa va ser distinto massa dudan quien votar,Massa,86.0,89.0,825.0,258.0
1718345352376385536,"Con m√°s raz√≥n no voten a Milei, quiere vender Vaca Muerta.",-1,2023-10-29 00:00:00+00:00,2023-10-29,razon no voten milei quiere vender vaca muerta,Milei,0.35,0.0,0.65,-6.486
1723871360105984256,"üéôÔ∏èBloque. Producci√≥n y Trabajo

üü£ Milei - Bien 
üîµ Massa - Bien",0,2023-11-13 01:12:00+00:00,2023-11-13,bloque produccion trabajo milei massa,Both,0.42,0.0,0.58,-4.404
1718025764338118912,"Voten a Massa pero camiando, en bici o a caballo, manga de tarados, combustible no hay.

CON tu hermana podemos hacer una excepci√≥n, la podemos llevar upa.",-1,2023-10-28 00:00:00+00:00,2023-10-28,voten massa camiando bici caballo manga tarados combustible no hay hermana podemos hacer excepcion podemos llevar upa,Massa,191.0,0.0,809.0,-5.423
1719139005353382400,"Sergio Massa anda con su abogado pidiendo meta data de cuentas que dicen cosas q no le gustan. El q le pasa los tweets al abogado no es nadie menos que @CarlosMaslaton. Y eso que todav√≠a no gano Massa, imag√≠nate la dictadura MAOISTA comunista que va a llevar a cabo.",0,2023-10-31 00:00:00+00:00,2023-10-31,sergio massa anda abogado pidiendo meta data cuentas dicen cosas q no le gustan q le pasa twets al abogado no es nadie carlosmaslaton eso todavia no gano massa imaginate dictadura maoista comunista va llevar cabo,Massa,113.0,0.0,887.0,-6.259
1716509721559990528,"Es cierto que JxC es la agrupaci√≥n pol√≠tica m√°s antikirchnerista del mundo y en la calentura muchos estar√°n pensando en vengarse votando a Milei. Pero habr√° que recordarles, al menos al sector radical, que Milei los recontra basure√≥ siempre. Y a Bullrich la llam√≥ de asesina...",-1,2023-10-23 00:00:00+00:00,2023-10-23,es cierto jxc es agrupacion politica antikirchnerista del mundo calentura muchos estaran pensando vengarse votando milei habra recordarlos al al sector radical milei recontra basureo siempre bullrich llamo asesina,Milei,94.0,77.0,829.0,-1.531
1718989596329959680,"Dato: el PRO apunta a movilizar 100 mil fiscales para cuidar el voto de Milei. 
El Operativo Cupula de Hierro en proceso.",0,2023-10-31 00:00:00+00:00,2023-10-31,dato pro apunta movilizar mil fiscalos cuidar voto milei operativo cupula hierro proceso,Milei,0.0,167.0,833.0,4.939
1716896656313155840,"A pesar de todas las puteadas y agravios. 

Argentina no puede quedar en manos de MASSA.",-1,2023-10-24 00:00:00+00:00,2023-10-24,pesar todas puteadas agravios argentina no puede quedar manos massa,Massa,202.0,0.0,798.0,-4.201
1724428772512829440,"‚è© Mujica.... Si pudiera votar, votar√≠a a Massa con las dos manos, porque me parce que inclina un paso de esperanza ‚ÅâÔ∏è  
Siempre dije este viejo, va a un velorio, se tira un p*do y le echa la culpa al muerto.
Y LO PEOR DE TODO, todes le ""le creen""",-1,2023-11-14 14:07:00+00:00,2023-11-14,mujica si pudiera votar votaria massa dos manos porque me parce inclina paso esperanza siempre dije viejo va velorio se tira p do le echa culpa al muerto lo peor todo todos le le cren,Massa,195.0,51.0,754.0,-8.481
1720953892786057472,"Hay una gran raz√≥n para votar por Milei..., destronar a Massa de su gobierno de facto.",-1,2023-11-04 23:59:00+00:00,2023-11-04,hay gran razon votar milei destronar massa gobierno facto,Both,0.0,272.0,728.0,6.249
1726022540101898752,boludo me ofrecieron plata para decir que dejo de bancar a milei jajjaj est√°n repartiendo plata por todos lados,0,2023-11-18 23:40:00+00:00,2023-11-18,boludo me ofrecieron plata decir dejo bancar milei jajjaj estan repartiendo plata todos lados,Milei,151.0,164.0,685.0,772.0
1723352408334520576,"2 datos concretos

1- En las PASO gan√≥ Milei
2- En las generales gan√≥ Massa por 2 millones de votos

Ahora se define entre ambos, seguimos este modelo de pa√≠s o intentamos cambiar.

Para cambiar la √∫nica opci√≥n es votar a Milei, voto en blanco/impugnar sigue ganando Massa",1,2023-11-11 14:50:00+00:00,2023-11-11,datos concretos paso gano milei generalos gano massa millones votos ahora se define ambos seguimos modelo pais intentamos cambiar cambiar unica opcion es votar milei voto blanco impugnar sigue ganando massa,Both,0.0,258.0,742.0,0.91
1725899145074934016,"√öltimo video de Massa antes 
de las elecciones del ma√±ana.
Un capo el pibito.
Tiene m√†s coherencia que el Candidato.
üôÇüòÑüòÅüòÅ‚ò∫Ô∏è",0,2023-11-18 15:29:00+00:00,2023-11-18,ultimo video massa antes elecciones del ma√±ana capo pibito tiene coherencia candidato,Massa,0.0,0.0,1.0,0.0
1721517859392684544,"Ac√° la misma Sol P√©rez felicita a Milei por haber ganado las PASO y dice que no le gusta que utilicen algo tan viejo como recurso para operar‚Ä¶

ü§∑üèº‚Äç‚ôÇÔ∏è",0,2023-11-06 13:20:00+00:00,2023-11-06,aca misma sol perez felicita milei haber ganado paso dice no le gusta utilicen algo viejo recurso operar,Milei,89.0,0.11,801.0,1.255
1720187843744850176,Si votan a Milei el boleto se va a $700,0,2023-11-02 21:15:00+00:00,2023-11-02,si votan milei boleto se va,Milei,0.0,0.0,1.0,0.0
1723154943723376896,"Milei sube un posteo en IG contra las fake news que es, en esencia, una fake news (usa una fuente trucha de Presidencia de la Naci√≥n). ü§î",0,2023-11-11 01:45:00+00:00,2023-11-11,milei sube posteo ig fake news es esencia fake news usa fuente trucha presidencia nacion,Milei,323.0,0.0,677.0,-7.351
1724882113277661440,"Granados y su patota,  echando a militantes de LLA que preparaban el acto de Milei en Ezeiza. Son una mierda, siempre",-1,2023-11-15 20:08:00+00:00,2023-11-15,granados patota echando militantes lla preparaban acto milei ezeiza son mierda siempre,Milei,194.0,0.0,806.0,-5.574
1719521173237875200,Diputada de Milei sugiri√≥ que las cloacas en los barrios populares la paguen los vecinos dlvr.it/SyD0HR,0,2023-11-01 01:06:00+00:00,2023-11-01,diputada milei sugirio cloacas barrios populares paguen vecinos dlvr it sydhr,Milei,106.0,212.0,682.0,0.34
1716794975625551872,Si Milei llega a cerrar una alianza para el balotaje con Juntos por el Cambio llegar√≠a a los 54 puntos y Sergio Massa estar√≠a condenado. Pero bueno en Peronia las cosas no funcionan con tanta l√≥gica,-1,2023-10-24 00:00:00+00:00,2023-10-24,si milei llega cerrar alianza balotaje juntos cambio llegaria puntos sergio massa estaria condenado bueno peronia cosas no funcionan tanta logica,Both,104.0,75.0,821.0,-2.023
1721690122133929984,Lo re quemaba a massa el candidato sergio ‚ò†Ô∏è‚ò†Ô∏è‚ò†Ô∏è,0,2023-11-07 00:44:00+00:00,2023-11-07,lo re quemaba massa candidato sergio,Massa,0.0,0.0,1.0,0.0
1721174415738626304,"-Disculpe se√±or Milei, en su gobierno voy a poder cambiar skins de mis armas m√°s barato, no?
-No vas a tener tiempo de jueguitos, pibe, vas a la colimba.
-‚Ä¶.
-Digamos, o sea, el servicio militar obligatorio. Subite a ese cami√≥n",0,2023-11-05 14:35:00+00:00,2023-11-05,disculpe se√±or milei gobierno voy poder cambiar skins armas barato no no vas tener tiempo jueguitos pibe vas colimba digamos sea servicio militar obligatorio subite camion,Milei,0.07,63.0,867.0,-3.182
1716908613044941056,"YO CREO QUE HUBO TREMENDO FRAUDE, PERO SI PATO Y MILEI NO SALEN A DECIR NADA POCO PODEMOS HACER",0,2023-10-24 00:00:00+00:00,2023-10-24,creo hubo tremendo fraude si pato milei no salen decir nada poco podemos hacer,Milei,0.17,0.0,0.83,-624.0
1717933027542647040,"Si Massa pudiera cambiar los resultados de las elecciones en el centro de computo entonces para que carajo estar√≠a gastando millones y millones de dolares en hacer campa√±a?

Av√≠vense, lo √∫nico que se busca con esta mentira es desmotivar a la gente para que vaya a fiscalizar.

Dejen de pisar el palito.",-1,2023-10-28 00:00:00+00:00,2023-10-28,si massa pudiera cambiar resultados elecciones centro computo entonces carajo estaria gastando millones millones dolares hacer campa√±a avivense lo unico se busca mentira es desmotivar gente vaya fiscalizar dejen pisar palito,Massa,92.0,26.0,882.0,-6.486
1724216248794288384,"Si a Milei lo apoya: 

Andr√©s Pastrana, el tipo que por el plan Colombia murieron m√°s de 1 mill√≥n de personas. 

Mar√≠a Fernanda Cabal, la que mando al infierno a Gabo cuando muri√≥.

Paloma Valencia, nieta de Guillermo Leon que hizo que se formaran las guerrillas.

Jaime Arizabaleta, primo de David, presunto involucrado  en el escandalo de Odebrecht y su padre condenado en 1998. Y Jaime como un salado en las elecciones.

Iv√°n Duque, el peor presidente de la historia, que defendi√≥ a Israel, que retom√≥ el modelo de seguridad democr√°tica y cada d√≠a mataban a muchos l√≠deres sociales.

Demuestra que mucha gente terrible apoya a Milei.",-1,2023-11-14 00:02:00+00:00,2023-11-14,si milei lo apoya andres pastrana tipo plan colombia murieron millon personas maria fernanda cabal mando al infierno gabo cuando murio paloma valencia nieta guillermo leon hizo se formaran guerrillas jaime arizabaleta primo david presunto involucrado escandalo odebrecht padre condenado jaime salado elecciones ivan duque peor presidente historia defendio israel retomo modelo seguridad democratica cada dia mataban muchos lideres socialos demuestra mucha gente terrible apoya milei,Milei,267.0,75.0,658.0,-9.682
1722760766917402624,@myriambregman Entonces Milei es igual a Massa??? Seg√∫n vos y tu neutralidad parece q para vos es SI,0,2023-11-09 23:53:57+00:00,2023-11-09,myriambregman entonces milei es igual massa segun neutralidad parece q es si,Both,0.0,162.0,838.0,4.019
1719139622121300224,"Geuna vocera, porrista y operadora de Massa. Qu√© sorpresa, che.",0,2023-10-31 00:00:00+00:00,2023-10-31,geuna vocera porrista operadora massa sorpresa che,Massa,0.0,444.0,556.0,4.588
1717554269824430592,"Ustedes hablando de venta de √≥rganos, venta de beb√©s, educaci√≥n y salud privadas, gays que no se pueden casar ni adoptar, libre portaci√≥n de armas. Bueno, yo voy a decir que la yerba va a estar 3 lucas con Massa",0,2023-10-27 00:00:00+00:00,2023-10-27,hablando venta organos venta bebes educacion salud privadas gays no se pueden casar adoptar libre portacion armas bueno voy decir yerba va estar lucas massa,Massa,131.0,0.16,0.71,2.458
1725949933620965888,"#TeAvise

Mis amigos, me robaron una sonrisa con este mensajeüòÉüòÅüòÄ

El humor hace bien a la salud.

Ma√±ana, a partir de las 10 hs. estar√° en Plaza Independencia el monje tibetano Lono Sang Ramgsan, bendiciendo a todos los que votan a Massa.  Por favor difundir

Gracias Gerardo",0,2023-11-18 18:51:00+00:00,2023-11-18,teavise amigos me robaron sonrisa mensaje humor hace salud ma√±ana partir hs estara plaza independencia monje tibetano lono sang ramgsan bendiciendo todos votan massa favor difundir gracias gerardo,Massa,0.03,393.0,576.0,926.0
1716909767128674304,muy a favor de instalar que se baja Milei hasta destruirle la psiquis (?),-1,2023-10-24 00:00:00+00:00,2023-10-24,muy favor instalar se baja milei destruirle psiquis,Milei,343.0,178.0,0.48,-3.415
1725474930660139520,"‚ÄºÔ∏è IMPRESIONANTE CIERRE DE MILEI

¬øCREES QUE GANA ESTE DOMINGO? ü§îü§îü§î

1- SI
2- NO",1,2023-11-17 11:24:00+00:00,2023-11-17,impresionante cierre milei cres gana domingo si no,Milei,0.0,538.0,462.0,7.906
1723878479404445696,Milei ten√≠a enfrente a un ministro de econom√≠a que duplic√≥ la inflaci√≥n y llev√≥ la pobreza infantil al 60% y dej√≥ que fuera ese ministro el que hiciera las preguntas.,0,2023-11-13 01:40:00+00:00,2023-11-13,milei tenia enfrente ministro economia duplico inflacion llevo pobreza infantil al dejo fuera ministro hiciera preguntas,Milei,136.0,0.0,864.0,-5.106
1719771206457470976,"El gobierno kirchnerista de Alberto Fern√°ndez, Cristina Kirchner y Sergio Massa juega con el grupo terrorista Hamas.

Te recuerdo que hay 8 argentinos asesinados y un beb√© secuestrado.

Alineados con:

Ir√°n
Venezuela
Cuba 
Siria
Rusia
Bolivia 
Yemen",-1,2023-11-01 17:39:00+00:00,2023-11-01,gobierno kirchnerista alberto fernandez cristina kirchner sergio massa juega grupo terrorista hamas te recuerdo hay argentinos asesinados bebe secuestrado alineados iran venezuela cuba siria rusia bolivia yemen,Massa,245.0,54.0,701.0,-8.442
1716466003578663424,"Lo que Milei le haya dicho a Bullrich es historia, porque ella no es un l√≠der pol√≠tica relevante a partir de la derrota de anoche, con el √∫nico que tiene que transar es con Macri y ese trabajo est√° hecho.

La clave es Schiaretti, ¬øa d√≥nde van a ir esos votos?",0,2023-10-23 00:00:00+00:00,2023-10-23,lo milei le haya dicho bullrich es historia porque no es lider politica relevante partir derrota anoche unico tiene transar es macri trabajo hecho clave es schiaretti donde van ir votos,Milei,77.0,0.0,923.0,-4.588
1720836103492477440,"Yo solo confio en Natacha Jaitt
Track record impecable, 100% mint

Y Natacha (que la limpiaron) dijo que Massa es narco

Compro: MASSA ES NARCO",1,2023-11-04 16:11:00+00:00,2023-11-04,solo confio natacha jaitt track record impecable mint natacha limpiaron dijo massa es narco compro massa es narco,Massa,0.0,0.13,0.87,5.106
1721348104551616512,"El mercenario no escucha e interrumpe.
Massa se la banca.
#MassaPresidente",1,2023-11-06 02:05:00+00:00,2023-11-06,mercenario no escucha e interrumpe massa se banca massa presidente,Massa,0.0,179.0,821.0,2.411
1720787417009885696,"Hace unos meses hicieron desaparecer a un invitado en A24 por relacionar a Massa con los narcos.  No dejemos morir esta perlita del ""tipo normal"".",-1,2023-11-04 12:57:00+00:00,2023-11-04,hace meses hicieron desaparecer invitado relacionar massa narcos no dejemos morir perlita del tipo normal,Massa,279.0,0.0,721.0,-7.003
1719876150506176768,"El socialismo votar√° en el balotaje a Massa y aclararon que, si bien siempre tuvieron un rol opositor al kirchnerismo, la figura de Milei pone en riesgo la democracia

lacapital.com.ar/politica/es‚Ä¶",0,2023-11-02 00:36:00+00:00,2023-11-02,socialismo votara balotaje massa aclararon si siempre tuvieron rol opositor al kirchnerismo figura milei pone riesgo democracia lacapital com ar politica es,Both,75.0,0.0,925.0,-2.732
1716874042412863744,"Como peronista, no hubiese tenido ni el m√°s m√≠nimo problema en votar a Larreta o Bullrich en un ballotage contra Milei, porque me parece que la democracia no se negocia. 

Que tu odio al peronismo no sea mayor que el amor por tu pa√≠s y por la democracia que cost√≥ tanto conseguir.",1,2023-10-24 00:00:00+00:00,2023-10-24,peronista no hubiese tenido minimo problema votar larreta bullrich ballotage milei porque me parece democracia no se negocia odio al peronismo no sea mayor amor pais democracia costo conseguir,Milei,79.0,0.21,711.0,8.071
1723876869861257472,No tiene Empresarios Amigos Massa ?? y VILA ‚ÅâÔ∏è‚ÅâÔ∏è‚ÅâÔ∏è‚ÅâÔ∏è‚ÅâÔ∏è‚ÅâÔ∏è,0,2023-11-13 01:34:00+00:00,2023-11-13,no tiene empresarios amigos massa vila,Massa,299.0,0.0,701.0,-3.724
1722765498947973120,"vamos termos,  voten a massa y terminen de joderse",-1,2023-11-09 23:57:57+00:00,2023-11-09,vamos termos voten massa terminen joderse,Massa,192.0,0.0,808.0,-2.263
1719675578905690368,"‚òï Cafecito con B0MBAS üí£üí£

üåπ SOCIALISTAS CON MASSA
Hoy el Partido Socialista se reunir√° a nivel nacional para definir su posici√≥n ante el Ballotage.
Representantes de 19 distritos del pa√≠s decidir√°n a partir de las 14 el curso de acci√≥n.
Spoiler: VAN A RECHAZAR A MILEI

üéØüíØ",0,2023-11-01 11:19:00+00:00,2023-11-01,cafecito bmbas socialistas massa hoy partido socialista se reunira nivel nacional definir posicion ballotage representantes distritos del pais decidiran partir curso accion spoiler van rechazar milei,Both,81.0,81.0,838.0,0.0
1716453006609178624,"No hay absolutamente ninguna chance de que vote a Massa. Ninguna.  Ni que contribuya por omisi√≥n a que se ponga la banda presidencial. Respeto las opiniones de todos igual. Pero no puedo guardar silencio ante la idea de la continuidad de un gobierno que encerr√≥ a su poblaci√≥n, la fundi√≥, que se reparti√≥ el bot√≠n de una Argentina pobre. Que cerr√≥ las escuelas. Que se reparti√≥ las vacunas. Que busca poner de rodillas a la justicia permanentemente. Que es un camino asegurado hac√≠a m√°s pobreza y clientelismo. Simplemente, no lo voy a hacer. Si ganan, estamos validando todo eso. Y no hay retorno.",-1,2023-10-23 00:00:00+00:00,2023-10-23,no hay absolutamente chance vote massa contribuya omision se ponga banda presidencial respeto opiniones todos igual no puedo guardar silencio idea continuidad gobierno encerro poblacion fundio se repartio botin argentina pobre cerro escuelas se repartio vacunas busca poner rodillas justicia permanentemente es camino asegurado pobreza clientelismo simplemente no lo voy hacer si ganan estamos validando todo eso no hay retorno,Massa,124.0,163.0,713.0,5.227
1717254780030976256,"Bullrich demand√≥ a Milei por acusarla de ‚Äúmontonera tira bombas‚Äù. Matthei dijo que la propuesta constitucional era un ‚Äúprograma de gobierno‚Äù. Hoy Bullrich apoya a Milei y Matthei votar√° ‚Äúa favor‚Äù del ‚Äúprograma‚Äù. La derecha (no ‚Äúlas derechas‚Äù) no tiene ideas, sino intereses.",0,2023-10-25 00:00:00+00:00,2023-10-25,bullrich demando milei acusarla montonera tira bombas matthei dijo propuesta constitucional era programa gobierno hoy bullrich apoya milei matthei votara favor del programa derecha no derechas no tiene ideas intereses,Milei,184.0,121.0,695.0,-1.877
1723864760033194240,"Saben qu√©? Hasta hoy no iba a ir a votar, lo dije desde el d√≠a uno. Ver la cara de mil hijo de puta de Massa y su satisfacci√≥n por creerse inteligente cuando es un imb√©cil que nos hundi√≥ en la mierda me decidi√≥ a ir a votar a Milei.",-1,2023-11-13 00:46:00+00:00,2023-11-13,saben hoy no iba ir votar lo dije dia uno ver cara mil hijo puta massa satisfaccion crerse inteligente cuando es imbecil nos hundio mierda me decidio ir votar milei,Both,205.0,107.0,688.0,-7.269
1722072426622623744,"Sin repetir y sin soplar, q se toma luego del caf√© de sobremesa en las reuniones de la flia #Massa  incluida #Mo",0,2023-11-08 02:03:00+00:00,2023-11-08,repetir soplar q se toma luego del cafe sobremesa reuniones flia massa incluida mo,Massa,156.0,0.0,844.0,-0.34
1722748497584177664,"@JMilei Uffff, de solo pensar 4 a√±os con vos o con Massa de presidente me dan ganas de mudarme a Burundi, lpmqlp que pueblo masoquista!",-1,2023-11-09 23:57:58+00:00,2023-11-09,jmilei uffff solo pensar a√±os massa presidente me dan ganas mudarme burundi lpmqlp pueblo masoquista,Both,164.0,67.0,769.0,-4.404
1723327719067271168,Milei pasa la mitad de su tiempo desmintiendo las propuestas que hace en la otra mitad.,0,2023-11-11 13:12:00+00:00,2023-11-11,milei pasa mitad tiempo desmintiendo propuestas hace otra mitad,Milei,231.0,0.0,769.0,-0.34
1721134492667015680,"MILEI-VILLARRUEL Y LA FALSIFICACION DE LA HISTORIA
La mala politica es hija de la mala historia. Tres Leyendas Negras impiden conocer bien nuestro pasado: la falsificaci√≥n sobre la acci√≥n de Espa√±a, las mentiras a designio sobre Rosas y el setentismo pro-marxista.Quedan avisados.",-1,2023-11-05 11:56:00+00:00,2023-11-05,milei villarruel falsificacion historia mala politica es hija mala historia tres leyendas negras impiden conocer pasado falsificacion accion espa√±a mentiras designio rosas setentismo pro marxista quedan avisados,Milei,305.0,28.0,667.0,-8.957
1716796612071019008,A ver si entienden: el √öNICO motivo para votar a Milei es que del otro lado est√° Sergio Massa.,0,2023-10-24 00:00:00+00:00,2023-10-24,ver si entienden unico motivo votar milei es del otro lado sergio massa,Both,0.0,0.0,1.0,0.0
1717538528152682752,"Milei ten√≠a tres grandes activos que, a pesar de ser un tipo exc√©ntrico, lo hac√≠an muy valioso: 

1) No era antiperonista
2) Era anticasta
3) No ten√≠a jefes politicos

Ayer dinamit√≥ las tres cosas. Incluso si es presidente es muy probable que √©l, personalmente, se diluya.",1,2023-10-26 00:00:00+00:00,2023-10-26,milei tenia tres grandes activos pesar ser tipo excentrico lo hacian muy valioso no era antiperonista era anticasta no tenia jefes politicos ayer dinamito tres cosas incluso si es presidente es muy probable personalmente se diluya,Milei,39.0,194.0,767.0,8.268
1717673858419794432,De verdad hay gente descubriendo que Massa no es kirchnerista!?,0,2023-10-27 00:00:00+00:00,2023-10-27,verdad hay gente descubriendo massa no es kirchnerista,Massa,0.0,173.0,827.0,3.182
1723726995593273600,"Si Fontevecchia, que jam√°s en su vida vot√≥ peronismo puede hacerlo en defensa de la democracia, vos tambi√©n. Que el odio no te nuble la raz√≥n, todav√≠a tenemos esperanzas de ser un pa√≠s mucho mejor. No somos un pa√≠s de mierda c√≥mo te dicta Milei",1,2023-11-12 15:38:00+00:00,2023-11-12,si fontevecchia jamas vida voto peronismo puede hacerlo defensa democracia tambien odio no te nuble razon todavia tenemos esperanzas ser pais mucho mejor no somos pais mierda te dicta milei,Milei,76.0,266.0,658.0,8.033
1723200641638474240,No se entendi√≥ que opina el periodista de la mujer de milei kjj,0,2023-11-11 04:47:00+00:00,2023-11-11,no se entendio opina periodista mujer milei kjj,Milei,0.0,0.0,1.0,0.0
1716444628264587520,"esto es culpa de los pendejos pelotudos q siguen a milei, que andan con esas huevadas de viejos meados..ahora pagamos las consecuencias todos porque esos ""viejos meados"" no quieren votar por milei cuando el tipo jamas dijo nada de eso. Sociedad podrida como la nuestra, hay pocas",-1,2023-10-23 00:00:00+00:00,2023-10-23,esto es culpa pendejos pelotudos q siguen milei andan huevadas viejos meados ahora pagamos consecuencias todos porque viejos meados no quieren votar milei cuando tipo jamas dijo nada eso sociedad podrida hay pocas,Milei,454.0,0.0,546.0,-9.803
1722301909833335040,".@JMilei me pidi√≥ especialmente este tema de Rodrigo para el Tour de la Libertad. Como en todo, Massa te miente.",-1,2023-11-08 17:15:00+00:00,2023-11-08,jmilei me pidio especialmente tema rodrigo tour libertad todo massa te miente,Both,156.0,233.0,611.0,0.34
1720426103251034368,"Por estas cosas no voy a votar. Si eso implica 20 a√±os de Massa para que aprendamos, que as√≠ sea.",0,2023-11-03 13:02:00+00:00,2023-11-03,cosas no voy votar si eso implica a√±os massa aprendamos asi sea,Massa,0.0,0.0,1.0,0.0
1717974426543620608,"CHE GEUNA, Por Qu√© no pens√°s antes de cacarear?
MM no tiene miedo por sus ""Causas Armadas"", NO tiene FUEROS hace 4 a√±os @todonoticias 
Y otra, Milei ser√≠a P.E.  NO interviene en el P.Judicial
Sino fijate como CFK, la que vos votaste, fu√© Condenada a Prisi√≥n en su propio Gobierno",-1,2023-10-27 00:00:00+00:00,2023-10-27,che geuna no pensas antes cacarear mm no tiene miedo causas armadas no tiene fueros hace a√±os todonoticias otra milei seria p e no interviene p judicial fijate cfk votaste fue condenada prision propio gobierno,Milei,0.18,0.0,0.82,-7.096
1722055666720710656,Yo voy a votar a Milei xq conf√≠o en Gato y Pato. Y me alegro que muchas cosas que prometi√≥ hacer.. hoy ya no le apetezcan. Ahora.. El Tema PLANES.. yo los mirar√≠a con una potente lupa. Hay mucha gente que cobra planes y no los  debiera cobrar. OJO.,1,2023-11-08 00:57:00+00:00,2023-11-08,voy votar milei xq confio gato pato me alegro muchas cosas prometio hacer hoy no le apetezcan ahora tema planes miraria potente lupa hay mucha gente cobra planes no debiera cobrar ojo,Milei,37.0,214.0,749.0,8.804
1716304738927390976,"Querida Nanci, todos estamos desilusionados, pero no podemos dejar que la bronca nos lleve a nuestra autodestruccion, deberemos hacer un gobierno de unidad con Massa, saludos querida compa√±era.",1,2023-10-23 00:00:00+00:00,2023-10-23,querida nanci todos estamos desilusionados no podemos dejar bronca nos lleve autodostruccion deberemos hacer gobierno unidad massa saludos querida compa√±era,Massa,88.0,313.0,598.0,7.844
1723882183998259200,"Jajajaajajajaj En LN+ dicen que milei perdi√≥ el debate porque ""no sabe mentir"". GAL√ÅCTICO.",-1,2023-11-13 01:55:00+00:00,2023-11-13,jajajajajajaj ln dicen milei perdio debate porque no sabe mentir galactico,Milei,141.0,0.0,859.0,-3.182
1717901999922876672,"Bueno. V√≠ reci√©n casi toda la entrevista a Milei. Estuvo perfecto pero es evidente que tiene que descansar, est√° filtrado. Muchas preocupaciones, decisiones y d√≠as durmiendo mal. No le rompan las pelotas tres o cuatro d√≠as y a la cancha. ‚úåÔ∏èüá¶üá∑üêç",1,2023-10-27 00:00:00+00:00,2023-10-27,bueno vi recien casi toda entrevista milei estuvo perfecto es evidente tiene descansar filtrado muchas preocupaciones decisiones dias durmiendo mal no le rompan pelotas tres cuatro dias cancha,Milei,132.0,0.13,738.0,-258.0
1723123370231836928,"Clubes del ascenso apoyaron a Massa y se pronunciaron contra Milei y las SAD ‚≠ï
eldestapeweb.com/deportes/fu‚Ä¶",0,2023-11-10 23:40:00+00:00,2023-11-10,clubes del ascenso apoyaron massa se pronunciaron milei sad eldestapeweb com deportes fu,Both,408.0,0.12,471.0,-7.579
1722741858554540032,@lasergionetaok @LANACION si me mostras el clip en el que claramente diga eso te juro que lo voto a massa.,0,2023-11-09 23:57:51+00:00,2023-11-09,lasergionetaok lanacion si me mostras clip claramente diga eso te juro lo voto massa,Massa,71.0,0.16,769.0,3.612
1722035624004231424,"""Ser√≠a sano que Milei o Macri den reportajes a gente que no les genere una comodidad extrema""

Iv√°n Schargrodsky record√≥ que ""entidades period√≠sticas y organizaciones del tercer sector"" le demandaban a Cristina Kirchner responder preguntas y lo compar√≥ con la situaci√≥n actual.",0,2023-11-07 23:37:00+00:00,2023-11-07,seria sano milei macri den reportajes gente no genere comodidad extrema ivan schargrodsky recordo entidades periodisticas organizaciones del tercer sector le demandaban cristina kirchner responder preguntas lo comparo situacion actual,Milei,118.0,75.0,807.0,-1.348
1724958904700879360,No puedo creer esto de que Milei NO PUEDE SALIR DEL HOTEL,0,2023-11-16 01:13:00+00:00,2023-11-16,no puedo crer esto milei no puede salir del hotel,Milei,0.0,125.0,875.0,382.0
1720448082439966976,"Ni un derecho menos, ni la derecha en Casa Rosada. Falta un d√≠a para llenar la Marcha del Orgullo y decirle a Milei que ac√° estamos.

En este hilo dejo los discursos odiantes que utiliz√≥ LLA para atacarnos sistem√°ticamente.

1. Milei en contra de la Ley de Identidad de G√©nero",-1,2023-11-03 14:29:00+00:00,2023-11-03,derecho derecha casa rosada falta dia llenar marcha del orgullo decirle milei aca estamos hilo dejo discursos odiantes utilizo lla atacarnos sistematicamente milei ley identidad genero,Milei,269.0,66.0,665.0,-743.0
1722765364617183488,"LosAndes | No, Sergio Massa no toma coca√≠na en este video: la grabaci√≥n est√° manipulada https://t.co/finOov6gIv https://t.co/WTHaXOo5qi",0,2023-11-09 23:57:25+00:00,2023-11-09,losandes no sergio massa no toma cocaina video grabacion manipulada,Massa,0.0,179.0,821.0,2.924
1723865872597499904,"Milei a Massa:
El √∫nico que nunca hizo un apto mental fuiste vos que siempre viviste del Estado, yo lo hice siempre antes de entrar a una empresa.

Y acto seguido, Massa violento y desequilibrado se puso a gritar.",0,2023-11-13 00:50:00+00:00,2023-11-13,milei massa unico nunca hizo apto mental fuiste siempre viviste del estado lo hice siempre antes entrar empresa acto seguido massa violento desequilibrado se puso gritar,Both,223.0,0.0,777.0,-8.229
1719000979201265920,"Muchos amigos y conocidos van a votar a Milei en la segunda vuelta, casi el  99% de los que me comentan, lo votan.
Ante la pregunta de si lo votan convencidos, me dicen  que no. Lo votan para que no llegue Massa.
Es decir, no es un voto por convicci√≥n ideol√≥gica, sino  que es un voto por descarte. 
Habr√° que analizar si se produjo la tan mentada  revoluci√≥n liberal.",1,2023-10-31 00:00:00+00:00,2023-10-31,muchos amigos conocidos van votar milei segunda vuelta casi me comentan lo votan pregunta si lo votan convencidos me dicen no lo votan no llegue massa es decir no es voto conviccion ideologica es voto descarte habra analizar si se produjo mentada revolucion liberal,Both,0.0,153.0,847.0,7.003
1725697963991732480,"Milei sufri√≥ un ataque grupal y provocador dentro del teatro Col√≥n. Estas cosas no pueden suceder en Democracia. 
¬øMassa sos facho?
¬°¬°Espont√°neo las pelotas!!",-1,2023-11-18 02:10:00+00:00,2023-11-18,milei sufrio ataque grupal provocador dentro del teatro colon cosas no pueden suceder democracia massa sos facho espontaneo pelotas,Both,0.27,0.0,0.73,-743.0
1723903424830312704,El defecto de Javier Milei es no saber mentir ynser honesto. Viva la libertad,0,2023-11-13 03:19:00+00:00,2023-11-13,defecto javier milei es no saber mentir ynser honesto viva libertad,Milei,0.11,342.0,548.0,7.269
